0	0.468208
2.91	3.23615
6.24856	6.49677
10.85	15.939
18.8085	21.281
21.7306	22.0088
23.3782	27.9187
29.6712	29.9735
31.1429	36.5838
39.0878	45.4266
46.6404	48.2892
50.8805	52.6186
54.9995	59.6098
60.784	61.0868
61.3421	62.1729
63.31	64.4942
65.5514	68.4202
70.6369	71.387
73.9225	74.9437
77.7605	88.8579
89.2227	89.5395
93.5329	95.31
98.8846	105.666
107.005	107.3
108.065	111.37
113.41	120.266
126.706	130.105
130.245	130.599
131.572	134.793
134.903	135.368
137.013	137.698
142.008	142.675
142.843	143.541
143.573	143.811
144.801	145.079
145.123	145.535
145.559	145.964
146.093	146.462
146.462	146.731
146.811	147.177
147.356	148.963
152.338	153.036
153.754	154.42
154.998	155.303
155.318	155.622
155.643	155.965
156.217	157.283
157.375	157.883
157.912	158.981
159.014	159.265
162.415	164.778
165.897	167.77
168.192	168.859
172.261	172.877
174	177.38
177.622	179.483
179.884	181.931
